{"cameraMode":{"drawMode":0,"name":"Shaded","section":"Shading Mode"},"sceneLighting":false,"audioPlay":false,"sceneViewState":{"showFog":true,"showMaterialUpdate":true,"showSkybox":false,"showFlares":true,"showImageEffects":true,"showParticleSystems":true},"in2DMode":false,"pivot":{"x":-35.93321228027344,"y":14.721134185791016,"z":-26.3165283203125},"rotation":{"x":0.39943042397499087,"y":0.12317086011171341,"z":-0.05425547435879707,"w":0.9068345427513123},"size":5860.4609375,"orthographic":true}