{"cameraMode":{"drawMode":0,"name":"Shaded","section":"Shading Mode"},"sceneLighting":false,"audioPlay":false,"sceneViewState":{"showFog":true,"showMaterialUpdate":true,"showSkybox":false,"showFlares":true,"showImageEffects":true,"showParticleSystems":true},"in2DMode":false,"pivot":{"x":-35.93321228027344,"y":14.721136093139649,"z":-26.316530227661134},"rotation":{"x":0.16844697296619416,"y":-0.7060597538948059,"z":0.179079070687294,"w":0.6641150712966919},"size":118.3125228881836,"orthographic":false}