{"cameraMode":{"drawMode":0,"name":"Shaded","section":"Shading Mode"},"sceneLighting":false,"audioPlay":false,"sceneViewState":{"showFog":true,"showMaterialUpdate":true,"showSkybox":false,"showFlares":true,"showImageEffects":true,"showParticleSystems":true},"in2DMode":false,"pivot":{"x":-1.7368909120559693,"y":9.576532363891602,"z":-6.860694408416748},"rotation":{"x":-0.16587956249713899,"y":0.0927690863609314,"z":-0.01568693295121193,"w":-0.9816651940345764},"size":137.56146240234376,"orthographic":true}