{"cameraMode":{"drawMode":0,"name":"Shaded","section":"Shading Mode"},"sceneLighting":true,"audioPlay":false,"sceneViewState":{"showFog":true,"showMaterialUpdate":true,"showSkybox":true,"showFlares":true,"showImageEffects":true,"showParticleSystems":true},"in2DMode":false,"pivot":{"x":-249.3370361328125,"y":318.8265380859375,"z":-4.7543792724609379},"rotation":{"x":0.5077346563339233,"y":-0.47502508759498598,"z":0.4074521064758301,"w":0.5920916199684143},"size":1314.086181640625,"orthographic":false}